error,cid
L1,30699
L1,30961
L1,31025
L1,31232
L1,31545
L1,32126
L1,32474
L1,33752
L1,33918
L1,34578
L1,35159
L1,35163
L1,35241
L1,35305
L1,35660
L1,35737
L1,35796
L1,36303
L1,36364
L1,36425
L1,36858
L1,36983
L1,37219
L1,38926
L1,39245
L1,39355
L1,39422
L1,39633
L1,39941
L1,40197
L1,40225
L1,40563
L1,40589
L1,41275
L1,41643
L1,41960
L1,42104
L1,42227
L1,42498
L1,42558
L1,42594
L1,43221
L1,43589
L1,44170
L1,44174
L1,44974
L1,45170
L1,45454
L1,45590
L1,45623
L1,46178
L1,46428
L1,46746
L1,47056
L1,47712
L1,49058
L1,49111
L1,49285
L1,49417
L1,49418
L1,49617
L1,49801
L1,49982
L1,50582
L1,50701
L1,51820
L1,52238
L1,52365
L1,52467
L1,52712
L1,52792
L1,52910
L1,54184
L1,54701
L1,54865
L1,55064
L1,55307
L1,55685
L1,55952
L1,56188
L1,56209
L1,56394
L1,56657
L1,56671
L1,56707
L1,56813
L1,57010
L1,57031
L1,57678
L1,58232
L1,59250
L1,59829
L1,60570
L1,60987
L1,61327
L1,61519
L1,61626
L1,61795
L1,61942
L1,61954
L1,62720
L1,62788
L1,62977
L1,63249
L1,67900
L1,68109
L1,68766
L1,68816
L1,69018
L1,69980
L1,70276
L1,70462
L1,70534
L1,70790
L1,71361
L1,71509
L1,71541
L1,71668
L1,72551
L1,72709
L1,73062
L1,73375
L1,74853
L1,75116
L1,75812
L1,76001
L1,76505
L1,76535
L1,76642
L1,77083
L1,77167
L1,77683
L1,77893
L1,77988
L1,78007
L1,78699
L1,78711
L1,79010
L1,79681
L1,80119
L1,80206
L1,80782
L1,80806
L1,80807
L1,81346
L1,81933
L1,82067
L1,82616
L1,82642
L1,82789
L1,82793
L1,82965
L1,83177
L1,83185
L1,83227
L1,83327
L1,83767
L1,83865
L1,84375
L1,84376
L1,84722
L1,84769
L1,85110
L1,85227
L1,85547
L1,88909
L2,30700
L2,31870
L3,30704
L3,30717
L3,30718
L3,30722
L3,30726
L3,30731
L3,30737
L3,30811
L3,30849
L3,30879
L3,30886
L3,30901
L3,30904
L3,30917
L3,30927
L3,30959
L3,30964
L3,30971
L3,31041
L3,31070
L3,31098
L3,31102
L3,31119
L3,31124
L3,31158
L3,31177
L3,31188
L3,31199
L3,31200
L3,31237
L3,31260
L3,31262
L3,31268
L3,31281
L3,31299
L3,31316
L3,31318
L3,31327
L3,31334
L3,31335
L3,31364
L3,31390
L3,31393
L3,31399
L3,31411
L3,31416
L3,31445
L3,31461
L3,31493
L3,31536
L3,31567
L3,31600
L3,31628
L3,31687
L3,31717
L3,31738
L3,31741
L3,31766
L3,31786
L3,31799
L3,31803
L3,31816
L3,31883
L3,31899
L3,31905
L3,31935
L3,32006
L3,32031
L3,32050
L3,32054
L3,32120
L3,32157
L3,32196
L3,32197
L3,32207
L3,32209
L3,32236
L3,32240
L3,32266
L3,32284
L3,32290
L3,32292
L3,32305
L3,32318
L3,32326
L3,32394
L3,32401
L3,32419
L3,32430
L3,32446
L3,32456
L3,32457
L3,32460
L3,32484
L3,32525
L3,32565
L3,32619
L3,32628
L3,32711
L3,32761
L3,32790
L3,32808
L3,32831
L3,32979
L3,33003
L3,33065
L3,33077
L3,33093
L3,33110
L3,33117
L3,33120
L3,33145
L3,33150
L3,33193
L3,33283
L3,33353
L3,33375
L3,33410
L3,33424
L3,33449
L3,33466
L3,33476
L3,33546
L3,33573
L3,33592
L3,33658
L3,33674
L3,33684
L3,33689
L3,33695
L3,33728
L3,33809
L3,33833
L4,30730
L5,30806
L5,31012
L5,31106
L5,31203
L5,31298
L5,31336
L5,31413
L5,31420
L5,31427
L5,31745
L5,31802
L5,31843
L5,31909
L5,31986
L5,32234
L5,32508
L5,32798
L5,33054
L5,33532
L5,33534
L5,33648
L6,30821
L6,31080
L6,31273
L6,31947
L6,32083
L6,32214
L6,32576
L6,32770
L6,33137
L6,34722
L6,35459
L6,35741
L6,35803
L6,36726
L6,36737
L6,37032
L6,37067
L6,37368
L6,37633
L6,38008
L6,38323
L6,38408
L6,38706
L6,38914
L6,39268
L6,40692
L6,40925
L6,40932
L6,41148
L6,41168
L6,41239
L6,41332
L6,41619
L6,41908
L6,42626
L6,43080
L6,43471
L6,43476
L6,44020
L6,44201
L6,44412
L6,44584
L6,44678
L6,45011
L6,45151
L6,45156
L6,45222
L6,45465
L6,45789
L6,46047
L6,46307
L6,46319
L6,46339
L6,46432
L6,46547
L6,46703
L6,47318
L6,47369
L6,47881
L6,47935
L6,48125
L6,48908
L6,49050
L6,49151
L6,49229
L6,49235
L6,49868
L6,50863
L6,50888
L6,50915
L6,51066
L6,51238
L6,51854
L6,51876
L6,52134
L6,52373
L6,52390
L6,52419
L6,52489
L6,52988
L6,53458
L6,53739
L6,53767
L6,54464
L6,54708
L6,55077
L6,55110
L6,55168
L6,55726
L6,56000
L6,56072
L6,56341
L6,56432
L6,56433
L6,56558
L6,56559
L6,57008
L6,57388
L6,57479
L6,57668
L6,57837
L6,57953
L6,58039
L6,58323
L6,58382
L6,58573
L6,58727
L6,58942
L6,59065
L6,59320
L6,59371
L6,59486
L6,59503
L6,59582
L6,59638
L6,59854
L6,59954
L6,60397
L6,60643
L6,60730
L6,60735
L6,60939
L6,61146
L6,61238
L6,61554
L6,61556
L6,61649
L6,61696
L6,61856
L6,61990
L6,62070
L6,62501
L6,62809
L6,63112
L6,63168
L6,63365
L6,63677
L6,63879
L6,63967
L6,64163
L6,64179
L6,64564
L6,64884
L6,65543
L6,65670
L6,65748
L6,66445
L6,66466
L6,66650
L6,66732
L6,66910
L6,66938
L6,66968
L6,67029
L6,67081
L6,67133
L6,67405
L6,67643
L6,67934
L6,68263
L6,68353
L6,68569
L6,68601
L6,68724
L6,68861
L6,69250
L6,69795
L6,69846
L6,70017
L6,70060
L6,70272
L6,70818
L6,71019
L6,71360
L6,71650
L6,71679
L6,71810
L6,72121
L6,72484
L6,72501
L6,72516
L6,73309
L6,73387
L6,73564
L6,74184
L6,74739
L6,74840
L6,75145
L6,75606
L6,75618
L6,75995
L6,76319
L6,76709
L6,76890
L6,77090
L6,77994
L6,78132
L6,78396
L6,78428
L6,78740
L6,78770
L6,78821
L6,78932
L6,79281
L6,79434
L6,79950
L6,79995
L6,80204
L6,80225
L6,80298
L6,80545
L6,80560
L6,80575
L6,80613
L6,80885
L6,80969
L6,81087
L6,81188
L6,81217
L6,81273
L6,81295
L6,81448
L6,81720
L6,81883
L6,81902
L6,82144
L6,82705
L6,82919
L6,83408
L6,83964
L6,84028
L6,84095
L6,84163
L6,84244
L6,84482
L6,84768
L6,84863
L6,85089
L6,85751
L6,85786
L6,85815
L6,85917
L6,86437
L6,86524
L6,86668
L6,86957
L6,87074
L6,87340
L6,87374
L6,87514
L6,87566
L6,87650
L6,88140
L6,88252
L6,88748
L6,89577
L6,89618
L6,89701
L6,89757
L6,90506
L6,90710
L6,90975
L6,91054
L6,91189
L6,91291
L6,91633
L6,91742
L6,91862
L6,92120
L6,92838
L6,93416
L6,93674
L6,93724
L6,93969
L6,94391
L6,94536
L6,94539
L6,95092
L6,95173
L6,95288
L6,95447
L6,95777
L6,95951
L6,96223
L6,96814
L6,96892
L6,96958
L6,97161
L6,97234
L6,97330
L6,97876
L6,98147
L6,98161
L6,98215
L6,98314
L6,98510
L6,98902
L6,98920
L6,99203
L6,99287
L6,99909
L7,30837
L7,36369
L7,37232
L7,44548
L7,45279
L7,45909
L7,48432
L7,54861
L7,55001
L7,58007
L7,58807
L7,60230
L7,64595
L7,64655
L7,66920
L7,70585
L7,71870
L7,71896
L7,73023
L7,75707
L7,76126
L7,76865
L7,77569
L8,30891
L8,32034
L8,33174
L9,30962
L9,32378
L9,32407
L9,32875
L9,33300
L9,33585
L9,33629
L9,35248
L9,35747
L9,38689
L9,39593
L9,40525
L9,41258
L9,42426
L9,43607
L9,44248
L9,44330
L9,44496
L9,44999
L9,45258
L9,45363
L9,46262
L9,48927
L9,50245
L9,50855
L9,51627
L9,52623
L9,54327
L9,55836
L9,59095
L9,60226
L9,62602
L9,63408
L9,64043
L9,64519
L9,67015
L9,71136
L9,72102
L9,72156
L9,72780
L9,77755
L9,77853
L9,77855
L10,30989
L10,31205
L10,31302
L10,31492
L10,31560
L10,31877
L10,32547
L10,32940
L10,33200
L10,33222
L10,34513
L10,35239
L10,35323
L10,35777
L10,36088
L10,36389
L10,36473
L10,36530
L10,36927
L10,37742
L10,38186
L10,38470
L10,39019
L10,39533
L10,39617
L10,39642
L10,39819
L10,40696
L10,40712
L10,41046
L10,42211
L10,42329
L10,42643
L10,42686
L10,43139
L10,43356
L10,43537
L10,43580
L10,43972
L10,43976
L10,44669
L10,45230
L10,45463
L10,45829
L10,47184
L10,47474
L10,47557
L10,48359
L10,48921
L10,48961
L10,50278
L10,50525
L10,50720
L10,51040
L10,51413
L10,51777
L10,51958
L10,52706
L10,52941
L10,53352
L10,53378
L10,53489
L10,53851
L10,54128
L10,54465
L10,54922
L10,55261
L10,55294
L10,56317
L10,56697
L10,56728
L10,56794
L10,57028
L10,57038
L10,57348
L10,57676
L10,57747
L10,58063
L10,58217
L10,58244
L10,58480
L10,58879
L10,59158
L10,59390
L10,59442
L10,59595
L10,59701
L10,59966
L10,60220
L10,60780
L10,60968
L10,61083
L10,61253
L10,62685
L10,62707
L10,62981
L10,63556
L10,64078
L10,65017
L10,65169
L10,66165
L10,66886
L10,68568
L10,68793
L10,68984
L10,69167
L10,69217
L10,69707
L10,69888
L10,72245
L10,72493
L10,72494
L10,72891
L10,73349
L10,73627
L10,73725
L10,74439
L10,74534
L10,74602
L10,75027
L10,75347
L10,75483
L10,75768
L10,77227
L10,77546
L10,77704
L10,78079
L10,78160
L10,79997
L10,83941
L10,84214
L11,31213
L11,33148
L11,45564
L11,45575
L11,48577
L11,50366
L11,64086
L11,65140
L11,67750
L11,70755
L11,72455
L11,74023
L11,85136
L11,92072
L11,93271
L11,98511
L12,31341
L12,31385
L12,32939
L12,33860
L12,34815
L12,35052
L12,36064
L12,36673
L12,37375
L12,41663
L12,42696
L12,46399
L12,48886
L12,49463
L12,49900
L12,50153
L12,50174
L12,50579
L12,50936
L12,52421
L12,53836
L12,54125
L12,54126
L12,54129
L12,54188
L12,54595
L12,55385
L12,59440
L12,59612
L12,60593
L12,60609
L12,61311
L12,63355
L12,64467
L12,64916
L12,66174
L12,67367
L12,68645
L12,68923
L12,70797
L12,74605
L12,77279
L13,31356
L14,31459
L14,81126
L15,31623
L15,57780
L15,61909
L15,63142
L15,73017
L16,31658
L16,33574
L17,32161
L18,32415
L18,38581
L18,46139
L18,46934
L18,52869
L18,53869
L18,54887
L18,55092
L18,56545
L18,57212
L18,57231
L18,71787
L18,72038
L18,74337
L18,78388
L18,78482
L18,78749
L18,79437
L18,79600
L18,79649
L18,80687
L18,81099
L18,81476
L18,81631
L18,82070
L18,82858
L18,83186
L18,83451
L18,84186
L18,85125
L18,85133
L18,86030
L18,86176
L18,88817
L19,32606
L20,32700
L20,40147
L20,53651
L20,67560
L21,32852
L21,41609
L21,45441
L21,47541
L21,63192
L21,76523
L22,33318
L23,33383
L23,33772
L24,33836
L24,33837
L24,33842
L24,33919
L24,33991
L24,33996
L24,34026
L24,34053
L24,34079
L24,34086
L24,34090
L24,34100
L24,34123
L24,34181
L24,34213
L24,34241
L24,34242
L24,34257
L24,34325
L24,34326
L24,34345
L24,34387
L24,34391
L24,34407
L24,34440
L24,34483
L24,34521
L24,34523
L24,34581
L24,34639
L24,34655
L24,34656
L24,34668
L24,34674
L24,34688
L24,34689
L24,34794
L24,34909
L24,34918
L24,34942
L24,34979
L24,34989
L24,34996
L24,35094
L24,35104
L24,35111
L24,35125
L24,35144
L24,35145
L24,35146
L24,35153
L24,35186
L24,35242
L24,35256
L24,35279
L24,35286
L24,35306
L24,35310
L24,35320
L24,35346
L24,35350
L24,35373
L24,35382
L24,35431
L24,35443
L24,35482
L24,35499
L24,35503
L24,35535
L24,35541
L24,35552
L24,35563
L24,35584
L24,35593
L24,35613
L24,35649
L24,35653
L24,35665
L24,35759
L24,35787
L24,35794
L24,35834
L24,35852
L24,35893
L24,35944
L24,35945
L24,36010
L24,36042
L24,36070
L24,36115
L24,36140
L24,36188
L24,36264
L24,36266
L24,36286
L24,36310
L24,36360
L24,36417
L24,36420
L24,36510
L24,36524
L24,36525
L24,36552
L24,36582
L24,36588
L24,36598
L24,36619
L24,36664
L24,36747
L24,36800
L24,36941
L24,36950
L24,36951
L24,36959
L24,36963
L24,36982
L24,36995
L24,37028
L24,37075
L24,37113
L24,37118
L24,37148
L24,37157
L24,37172
L24,37178
L24,37184
L24,37215
L24,37224
L24,37230
L24,37277
L24,37278
L24,37289
L24,37341
L24,37356
L24,37365
L24,37419
L24,37439
L24,37466
L24,37495
L24,37501
L24,37550
L24,37565
L24,37603
L24,37605
L24,37618
L24,37620
L24,37634
L24,37635
L24,37669
L24,37697
L24,37699
L24,37847
L24,37891
L24,37909
L24,37965
L24,37974
L24,37977
L24,38017
L24,38028
L24,38052
L24,38077
L24,38132
L24,38192
L24,38201
L24,38275
L24,38294
L24,38351
L24,38357
L24,38377
L24,38440
L24,38444
L24,38464
L24,38516
L24,38531
L24,38543
L24,38554
L24,38555
L24,38563
L24,38595
L24,38603
L24,38607
L24,38654
L24,38716
L24,38752
L24,38783
L24,38802
L24,38921
L24,38934
L24,38949
L24,38987
L24,38998
L24,39006
L24,39016
L24,39098
L24,39132
L24,39143
L24,39149
L24,39164
L24,39220
L24,39228
L24,39235
L24,39253
L24,39297
L24,39346
L24,39368
L24,39392
L24,39405
L24,39437
L24,39449
L24,39452
L24,39483
L24,39518
L24,39526
L24,39530
L24,39545
L24,39567
L24,39616
L24,39646
L24,39660
L24,39664
L24,39665
L24,39693
L24,39778
L24,39786
L24,39815
L24,39833
L24,39838
L24,39904
L24,39978
L24,39981
L24,39990
L24,40025
L24,40104
L24,40113
L24,40158
L24,40253
L24,40276
L24,40301
L24,40304
L24,40305
L24,40332
L24,40336
L24,40417
L24,40440
L24,40458
L24,40472
L24,40477
L24,40489
L24,40491
L24,40508
L24,40516
L24,40576
L24,40667
L24,40747
L24,40801
L24,40937
L24,40996
L24,41005
L24,41030
L24,41051
L24,41075
L24,41151
L24,41182
L24,41227
L24,41244
L24,41276
L24,41286
L24,41304
L24,41305
L24,41306
L24,41377
L24,41383
L24,41515
L24,41526
L24,41534
L24,41546
L24,41580
L24,41594
L24,41604
L24,41631
L24,41657
L24,41700
L24,41710
L24,41718
L24,41748
L24,41768
L24,41770
L24,41790
L24,41797
L24,41821
L24,41836
L24,41852
L24,41891
L24,41895
L24,41900
L24,41917
L24,41923
L24,41940
L24,41949
L24,42002
L24,42008
L24,42027
L24,42045
L24,42055
L24,42058
L24,42071
L24,42080
L24,42088
L24,42094
L24,42195
L24,42212
L24,42239
L24,42292
L24,42304
L24,42339
L24,42349
L24,42396
L24,42403
L24,42417
L24,42427
L24,42448
L24,42475
L24,42520
L24,42524
L24,42564
L24,42579
L24,42587
L24,42608
L24,42635
L24,42649
L24,42662
L24,42674
L24,42698
L24,42737
L24,42793
L24,42796
L24,42801
L24,42821
L24,42836
L24,42841
L24,42855
L24,42861
L24,42871
L24,42872
L24,42878
L24,42910
L24,42943
L24,42955
L24,43038
L24,43057
L24,43070
L24,43085
L24,43090
L24,43141
L24,43163
L24,43165
L24,43207
L24,43267
L24,43272
L24,43303
L24,43334
L24,43363
L24,43384
L24,43413
L24,43421
L24,43469
L24,43484
L24,43626
L24,43637
L24,43645
L24,43653
L24,43656
L24,43779
L24,43835
L24,43842
L24,43849
L24,43857
L24,43886
L24,43948
L24,43979
L24,44029
L24,44032
L24,44056
L24,44129
L24,44131
L24,44181
L24,44197
L24,44237
L24,44260
L24,44265
L24,44294
L24,44306
L24,44390
L24,44427
L24,44456
L24,44466
L24,44559
L24,44586
L24,44600
L24,44627
L24,44666
L24,44676
L24,44701
L24,44743
L24,44765
L24,44782
L24,44858
L24,44895
L24,44925
L24,44929
L24,44935
L24,44943
L24,44951
L24,45046
L24,45131
L24,45231
L24,45244
L24,45249
L24,45284
L24,45289
L24,45296
L24,45333
L24,45396
L24,45424
L24,45429
L24,45444
L24,45499
L24,45570
L24,45573
L24,45589
L24,45594
L24,45640
L24,45642
L24,45645
L24,45664
L24,45666
L24,45674
L24,45686
L24,45706
L24,45741
L24,45770
L24,45806
L24,45819
L24,45840
L24,45885
L24,45941
L24,45946
L24,45947
L24,45951
L24,45958
L24,45962
L24,45966
L24,46008
L24,46022
L24,46043
L24,46065
L24,46073
L24,46095
L24,46128
L24,46129
L24,46166
L24,46171
L24,46223
L24,46247
L24,46344
L24,46348
L24,46368
L24,46373
L24,46411
L24,46451
L24,46455
L24,46460
L24,46522
L24,46531
L24,46541
L24,46591
L24,46597
L24,46599
L24,46604
L24,46613
L24,46654
L24,46661
L24,46666
L24,46711
L24,46798
L24,46812
L24,46816
L24,46840
L24,46844
L24,46875
L24,46881
L24,46888
L24,46890
L24,46892
L24,46917
L24,46975
L24,46978
L24,47003
L24,47014
L24,47109
L24,47123
L24,47128
L24,47144
L24,47154
L24,47201
L24,47236
L24,47275
L24,47315
L24,47412
L24,47456
L24,47495
L24,47509
L24,47530
L24,47546
L24,47580
L24,47630
L24,47651
L24,47661
L24,47686
L24,47694
L24,47698
L24,47732
L24,47738
L24,47782
L24,47784
L24,47850
L24,47887
L24,47904
L24,47923
L24,47943
L24,47946
L24,47969
L24,47973
L24,47996
L24,48009
L24,48016
L24,48040
L24,48059
L24,48121
L24,48129
L24,48141
L24,48147
L24,48191
L24,48193
L24,48199
L24,48231
L24,48249
L24,48273
L24,48279
L24,48308
L24,48326
L24,48407
L24,48431
L24,48451
L24,48469
L24,48512
L24,48528
L24,48534
L24,48574
L24,48586
L24,48666
L24,48683
L24,48690
L24,48719
L24,48765
L24,48803
L24,48833
L24,48860
L24,49002
L24,49063
L24,49092
L24,49130
L24,49168
L24,49220
L24,49232
L24,49236
L24,49248
L24,49326
L24,49394
L24,49433
L24,49444
L24,49455
L24,49474
L24,49479
L24,49517
L24,49536
L24,49598
L24,49612
L24,49636
L24,49665
L24,49667
L24,49683
L24,49685
L24,49703
L24,49716
L24,49749
L24,49753
L24,49759
L24,49799
L24,49802
L24,49858
L24,49863
L24,49901
L24,49932
L24,49933
L24,49945
L24,49956
L24,49964
L24,49986
L24,50041
L24,50045
L24,50054
L24,50104
L24,50120
L24,50125
L24,50126
L24,50179
L24,50201
L24,50289
L24,50297
L24,50324
L24,50333
L24,50342
L24,50359
L24,50396
L24,50401
L24,50428
L24,50434
L24,50435
L24,50437
L24,50446
L24,50449
L24,50486
L24,50542
L24,50596
L24,50613
L24,50636
L24,50655
L24,50678
L24,50684
L24,50691
L24,50721
L24,50760
L24,50764
L24,50803
L24,50814
L24,50825
L24,50837
L24,50874
L24,50910
L24,50917
L24,50919
L24,51153
L24,51164
L24,51173
L24,51185
L24,51193
L24,51253
L24,51293
L24,51312
L24,51364
L24,51394
L24,51399
L24,51418
L24,51426
L24,51433
L24,51468
L24,51473
L24,51509
L24,51524
L24,51610
L24,51646
L24,51661
L24,51683
L24,51700
L24,51720
L24,51728
L24,51769
L24,51770
L24,51776
L24,51791
L24,51810
L24,51871
L24,51903
L24,51926
L24,51941
L24,51963
L24,51977
L24,51986
L24,52031
L24,52055
L24,52096
L24,52097
L24,52120
L24,52121
L24,52142
L24,52169
L24,52181
L24,52247
L24,52255
L24,52261
L24,52284
L24,52305
L24,52325
L24,52409
L24,52479
L24,52499
L24,52548
L24,52553
L24,52625
L24,52643
L24,52649
L24,52660
L24,52672
L24,52699
L24,52746
L24,52808
L24,52816
L24,52824
L24,52870
L24,52871
L24,52906
L24,52929
L24,52935
L24,52936
L24,52947
L24,52949
L24,53022
L24,53042
L24,53053
L24,53159
L24,53240
L24,53246
L24,53408
L24,53409
L24,53425
L24,53428
L24,53513
L24,53524
L24,53571
L24,53600
L24,53674
L24,53685
L24,53691
L24,53708
L24,53721
L24,53726
L24,53730
L24,53781
L24,53804
L24,53890
L24,53990
L24,54127
L24,54144
L24,54160
L24,54191
L24,54205
L24,54213
L24,54217
L24,54226
L24,54230
L24,54257
L24,54271
L24,54323
L24,54329
L24,54349
L24,54395
L24,54412
L24,54426
L24,54434
L24,54495
L24,54511
L24,54625
L24,54649
L24,54705
L24,54719
L24,54744
L24,54750
L24,54807
L24,54855
L24,54872
L24,54944
L24,54956
L24,54969
L24,54979
L24,54986
L24,55041
L24,55080
L24,55097
L24,55114
L24,55115
L24,55117
L24,55180
L24,55186
L24,55240
L24,55242
L24,55247
L24,55267
L24,55297
L24,55299
L24,55308
L24,55319
L24,55331
L24,55345
L24,55395
L24,55397
L24,55411
L24,55420
L24,55427
L24,55429
L24,55435
L24,55444
L24,55521
L24,55522
L24,55559
L24,55584
L24,55644
L24,55694
L24,55803
L24,55810
L24,55852
L24,55896
L24,55904
L24,55916
L24,55922
L24,55935
L24,55941
L24,55970
L24,55979
L24,55984
L24,55986
L24,56050
L24,56069
L24,56081
L24,56221
L24,56229
L24,56594
L24,56595
L24,56612
L24,56618
L24,56682
L24,56686
L24,56732
L24,56742
L24,56753
L24,56754
L24,56778
L24,56781
L24,56796
L24,56810
L24,56819
L24,56828
L24,56837
L24,56926
L24,56933
L24,56940
L24,56965
L24,56985
L24,57027
L24,57047
L24,57093
L24,57105
L24,57108
L24,57109
L24,57111
L24,57116
L24,57117
L24,57126
L24,57155
L24,57175
L24,57181
L24,57182
L24,57189
L24,57198
L24,57232
L24,57237
L24,57243
L24,57244
L24,57246
L24,57249
L24,57261
L24,57334
L24,57341
L24,57385
L24,57396
L24,57403
L24,57417
L24,57466
L24,57468
L24,57483
L24,57510
L24,57514
L24,57524
L24,57539
L24,57546
L24,57626
L24,57632
L24,57652
L24,57673
L24,57697
L24,57714
L24,57728
L24,57758
L24,57762
L24,57829
L24,57878
L24,57889
L24,57902
L24,57926
L24,57933
L24,57943
L24,57962
L24,57973
L24,57974
L24,57999
L24,58000
L24,58014
L24,58018
L24,58021
L24,58025
L24,58081
L24,58087
L24,58123
L24,58132
L24,58134
L24,58142
L24,58184
L24,58189
L24,58201
L24,58205
L24,58242
L24,58289
L24,58306
L24,58308
L24,58313
L24,58314
L24,58318
L24,58327
L24,58389
L24,58391
L24,58394
L24,58396
L24,58421
L24,58426
L24,58437
L24,58479
L24,58494
L24,58500
L24,58542
L24,58567
L24,58617
L24,58619
L24,58623
L24,58632
L24,58635
L24,58643
L24,58659
L24,58665
L24,58708
L24,58755
L24,58770
L24,58771
L24,58795
L24,58803
L24,58818
L24,58838
L24,58871
L24,58894
L24,58902
L24,58914
L24,58915
L24,58933
L24,58935
L24,58951
L24,58962
L24,58967
L24,58998
L24,59011
L24,59050
L24,59052
L24,59128
L24,59137
L24,59148
L24,59161
L24,59173
L24,59189
L24,59192
L24,59198
L24,59199
L24,59218
L24,59240
L24,59253
L24,59255
L24,59275
L24,59284
L24,59294
L24,59299
L24,59309
L24,59317
L24,59333
L24,59343
L24,59359
L24,59361
L24,59381
L24,59403
L24,59405
L24,59409
L24,59438
L24,59445
L24,59501
L24,59502
L24,59508
L24,59517
L24,59546
L24,59571
L24,59590
L24,59603
L24,59608
L24,59616
L24,59657
L24,59707
L24,59718
L24,59720
L24,59771
L24,59810
L24,59824
L24,59830
L24,59839
L24,59845
L24,59850
L24,59851
L24,59857
L24,59881
L24,59891
L24,59933
L24,59958
L24,59969
L24,59979
L24,59997
L24,60009
L24,60012
L24,60024
L24,60031
L24,60061
L24,60073
L24,60082
L24,60135
L24,60148
L24,60195
L24,60212
L24,60244
L24,60274
L24,60279
L24,60303
L24,60311
L24,60327
L24,60364
L24,60372
L24,60379
L24,60384
L24,60387
L24,60406
L24,60414
L24,60420
L24,60443
L24,60475
L24,60483
L24,60494
L24,60504
L24,60507
L24,60568
L24,60588
L24,60622
L24,60667
L24,60674
L24,60697
L24,60711
L24,60728
L24,60732
L24,60739
L24,60741
L24,60743
L24,60803
L24,60835
L24,60899
L24,61027
L24,61029
L24,61030
L24,61045
L24,61114
L24,61119
L24,61121
L24,61160
L24,61177
L24,61181
L24,61189
L24,61220
L24,61246
L24,61265
L24,61268
L24,61283
L24,61367
L24,61381
L24,61425
L24,61434
L24,61452
L24,61453
L24,61460
L24,61464
L24,61485
L24,61490
L24,61507
L24,61523
L24,61525
L24,61539
L24,61540
L24,61567
L24,61601
L24,61624
L24,61682
L24,61693
L24,61695
L24,61702
L24,61709
L24,61745
L24,61758
L24,61784
L24,61785
L24,61805
L24,61812
L24,61823
L24,61852
L24,61910
L24,61922
L24,61950
L24,61968
L24,61971
L24,62012
L24,62019
L24,62025
L24,62093
L24,62146
L24,62169
L24,62187
L24,62214
L24,62218
L24,62257
L24,62263
L24,62268
L24,62272
L24,62276
L24,62299
L24,62313
L24,62365
L24,62385
L24,62389
L24,62561
L24,62592
L24,62632
L24,62651
L24,62696
L24,62799
L24,62804
L24,62818
L24,62848
L24,62890
L24,62891
L24,62908
L24,62923
L24,62936
L24,62942
L24,62962
L24,63002
L24,63065
L24,63068
L24,63091
L24,63097
L24,63130
L24,63139
L24,63155
L24,63218
L24,63257
L24,63287
L24,63291
L24,63295
L24,63296
L24,63339
L24,63373
L24,63413
L24,63498
L24,63526
L24,63530
L24,63539
L24,63585
L24,63599
L24,63642
L24,63647
L24,63683
L24,63733
L24,63741
L24,63748
L24,63820
L24,63827
L24,63870
L24,63887
L24,63889
L24,63896
L24,63909
L24,63953
L24,63976
L24,63997
L24,64003
L24,64014
L24,64033
L24,64054
L24,64060
L24,64065
L24,64143
L24,64165
L24,64259
L24,64338
L24,64390
L24,64407
L24,64429
L24,64527
L24,64548
L24,64577
L24,64578
L24,64594
L24,64609
L24,64670
L24,64681
L24,64693
L24,64708
L24,64740
L24,64800
L24,64933
L24,64980
L24,64992
L24,65000
L24,65002
L24,65029
L24,65059
L24,65061
L24,65063
L24,65069
L24,65081
L24,65132
L24,65148
L24,65200
L24,65204
L24,65281
L24,65308
L24,65376
L24,65388
L24,65401
L24,65405
L24,65412
L24,65425
L24,65450
L24,65452
L24,65468
L24,65477
L24,65481
L24,65506
L24,65521
L24,65526
L24,65562
L24,65570
L24,65573
L24,65700
L24,65735
L24,65736
L24,65756
L24,65762
L24,65768
L24,65813
L24,65816
L24,65828
L24,65876
L24,65889
L24,65942
L24,65984
L24,65999
L24,66053
L24,66066
L24,66085
L24,66094
L24,66101
L24,66102
L24,66107
L24,66121
L24,66170
L24,66182
L24,66257
L24,66295
L24,66298
L24,66313
L24,66355
L24,66358
L24,66469
L24,66481
L24,66482
L24,66489
L24,66496
L24,66498
L24,66508
L24,66531
L24,66556
L24,66584
L24,66626
L24,66636
L24,66674
L24,66735
L24,66762
L24,66775
L24,66835
L24,66847
L24,66861
L24,66899
L24,66931
L24,66959
L24,66986
L24,66995
L24,67014
L24,67034
L24,67045
L24,67074
L24,67132
L24,67134
L24,67136
L24,67168
L24,67170
L24,67256
L24,67267
L24,67284
L24,67285
L24,67327
L24,67336
L24,67426
L24,67431
L24,67467
L24,67471
L24,67491
L24,67502
L24,67516
L24,67530
L24,67576
L24,67580
L24,67597
L24,67666
L24,67671
L24,67678
L24,67703
L24,67711
L24,67758
L24,67833
L24,67838
L24,67839
L24,67841
L24,67912
L24,67917
L24,67942
L24,67943
L24,67958
L24,67991
L24,67995
L24,68019
L24,68032
L24,68077
L24,68082
L24,68091
L24,68127
L24,68198
L24,68216
L24,68258
L24,68303
L24,68314
L24,68344
L24,68348
L24,68376
L24,68417
L24,68447
L24,68460
L24,68491
L24,68493
L24,68508
L24,68516
L24,68546
L24,68552
L24,68563
L24,68582
L24,68593
L24,68595
L24,68641
L24,68714
L24,68754
L24,68815
L24,68824
L24,68863
L24,68886
L24,68924
L24,68990
L24,68995
L24,69001
L24,69007
L24,69044
L24,69137
L24,69162
L24,69210
L24,69265
L24,69275
L24,69279
L24,69312
L24,69328
L24,69346
L24,69351
L24,69364
L24,69376
L24,69409
L24,69414
L24,69423
L24,69434
L24,69446
L24,69453
L24,69564
L24,69570
L24,69573
L24,69575
L24,69580
L24,69585
L24,69659
L24,69660
L24,69665
L24,69692
L24,69734
L24,69740
L24,69749
L24,69763
L24,69784
L24,69793
L24,69811
L24,69840
L24,69912
L24,69972
L24,69976
L24,69986
L24,70004
L24,70030
L24,70039
L24,70057
L24,70093
L24,70104
L24,70124
L24,70130
L24,70135
L24,70139
L24,70175
L24,70198
L24,70226
L24,70267
L24,70296
L24,70335
L24,70339
L24,70505
L24,70538
L24,70615
L24,70664
L24,70666
L24,70756
L24,70757
L24,70777
L24,70796
L24,70835
L24,70863
L24,70864
L24,70880
L24,70886
L24,70896
L24,70930
L24,70962
L24,70972
L24,70980
L24,71059
L24,71069
L24,71149
L24,71160
L24,71206
L24,71273
L24,71286
L24,71297
L24,71314
L24,71328
L24,71332
L24,71380
L24,71396
L24,71404
L24,71405
L24,71450
L24,71460
L24,71464
L24,71474
L24,71498
L24,71526
L24,71532
L24,71568
L24,71593
L24,71599
L24,71602
L24,71644
L24,71721
L24,71726
L24,71737
L24,71797
L24,71799
L24,71860
L24,71891
L24,71903
L24,72008
L24,72027
L24,72037
L24,72047
L24,72096
L24,72115
L24,72124
L24,72179
L24,72203
L24,72205
L24,72337
L24,72340
L24,72392
L24,72402
L24,72407
L24,72410
L24,72446
L24,72467
L24,72571
L24,72636
L24,72647
L24,72648
L24,72649
L24,72674
L24,72705
L24,72717
L24,72722
L24,72732
L24,72757
L24,72826
L24,72853
L24,72875
L24,72885
L24,72903
L24,72971
L24,72982
L24,73008
L24,73031
L24,73059
L24,73090
L24,73132
L24,73150
L24,73163
L24,73165
L24,73175
L24,73206
L24,73238
L24,73245
L24,73269
L24,73409
L24,73426
L24,73442
L24,73490
L24,73503
L24,73553
L24,73571
L24,73577
L24,73585
L24,73598
L24,73619
L24,73621
L24,73625
L24,73629
L24,73757
L24,73803
L24,73805
L24,73817
L24,73854
L24,73863
L24,73883
L24,73903
L24,73911
L24,73934
L24,73938
L24,73984
L24,74042
L24,74052
L24,74063
L24,74079
L24,74080
L24,74089
L24,74096
L24,74125
L24,74142
L24,74192
L24,74195
L24,74210
L24,74227
L24,74241
L24,74276
L24,74296
L24,74303
L24,74319
L24,74327
L24,74339
L24,74400
L24,74427
L24,74445
L24,74494
L24,74577
L24,74580
L24,74624
L24,74674
L24,74706
L24,74712
L24,74781
L24,74784
L24,74802
L24,74803
L24,74830
L24,74889
L24,74893
L24,74921
L24,74939
L24,74968
L24,74985
L24,75011
L24,75047
L24,75071
L24,75073
L24,75079
L24,75088
L24,75089
L24,75151
L24,75154
L24,75265
L24,75273
L24,75324
L24,75327
L24,75339
L24,75405
L24,75433
L24,75441
L24,75450
L24,75472
L24,75488
L24,75496
L24,75497
L24,75507
L24,75534
L24,75542
L24,75553
L24,75555
L24,75556
L24,75573
L24,75586
L24,75597
L24,75731
L24,75739
L24,75742
L24,75746
L24,75754
L24,75758
L24,75764
L24,75766
L24,75919
L24,75945
L24,75951
L24,75965
L24,75985
L24,76039
L24,76040
L24,76059
L24,76070
L24,76071
L24,76114
L24,76132
L24,76135
L24,76154
L24,76206
L24,76226
L24,76262
L24,76383
L24,76427
L24,76474
L24,76484
L24,76489
L24,76546
L24,76637
L24,76667
L24,76689
L24,76760
L24,76768
L24,76782
L24,76837
L24,76879
L24,76920
L24,76927
L24,76944
L24,76959
L24,76961
L24,77080
L24,77104
L24,77136
L24,77139
L24,77179
L24,77183
L24,77195
L24,77213
L24,77270
L24,77280
L24,77289
L24,77291
L24,77334
L24,77353
L24,77368
L24,77432
L24,77459
L24,77464
L24,77473
L24,77483
L24,77486
L24,77533
L24,77535
L24,77538
L24,77575
L24,77584
L24,77588
L24,77628
L24,77635
L24,77641
L24,77669
L24,77675
L24,77682
L24,77707
L24,77747
L24,77770
L24,77783
L24,77794
L24,77923
L24,77949
L24,77953
L24,77984
L24,77992
L24,78000
L24,78011
L24,78134
L24,78178
L24,78216
L24,78364
L24,78452
L24,78639
L24,78646
L24,78693
L24,78710
L24,78714
L24,78719
L24,78743
L24,78858
L24,78882
L24,78924
L24,78942
L24,78948
L24,78959
L24,78989
L24,79052
L24,79138
L24,79141
L24,79151
L24,79153
L24,79160
L24,79182
L24,79187
L24,79225
L24,79266
L24,79278
L24,79288
L24,79292
L24,79446
L24,79671
L24,79715
L24,79746
L24,79778
L24,79779
L24,79899
L24,79976
L24,79978
L24,80013
L24,80171
L24,80361
L24,80439
L24,80467
L24,80483
L24,80649
L24,80706
L24,80913
L24,81016
L24,81027
L24,81042
L24,81044
L24,81063
L24,81103
L24,81123
L24,81213
L24,81228
L24,81250
L24,81272
L24,81465
L24,81477
L24,81481
L24,81595
L24,81669
L24,81713
L24,81726
L24,81851
L24,82108
L24,82148
L24,82163
L24,82189
L24,82209
L24,82336
L24,82370
L24,82403
L24,82404
L24,82414
L24,82470
L24,82498
L24,82508
L24,82539
L24,82650
L24,82658
L24,82737
L24,82795
L24,82796
L24,82814
L24,82874
L24,82994
L24,83125
L24,83224
L24,83243
L24,83271
L24,83341
L24,83356
L24,83399
L24,83502
L24,83529
L24,83590
L24,83656
L24,83745
L24,83761
L24,83810
L24,83849
L24,83930
L24,83971
L24,84002
L24,84168
L24,84201
L24,84290
L24,84294
L24,84328
L24,84423
L24,84438
L24,84496
L24,84575
L24,84595
L24,84628
L24,84793
L24,84840
L24,84927
L24,84976
L24,85023
L24,85042
L24,85076
L24,85157
L24,85183
L24,85225
L24,85235
L24,85334
L24,85361
L24,85393
L24,85513
L24,85573
L24,85576
L24,85670
L24,85699
L24,85713
L24,85724
L24,85898
L24,85912
L24,85977
L24,86027
L24,86138
L24,86171
L25,33930
L25,36891
L25,44319
L25,45346
L25,56166
L25,78438
L25,78476
L25,78522
L25,79540
L25,81766
L25,81781
L25,84491
L25,84557
L25,85229
L25,85270
L25,86082
L26,34092
L26,37766
L26,37794
L26,38334
L26,38548
L26,39436
L26,42802
L26,42888
L26,44796
L26,48430
L26,48448
L26,49271
L26,50474
L26,50689
L26,51034
L26,52190
L26,54655
L26,55264
L26,57886
L26,59118
L26,61089
L26,61598
L26,62777
L26,63286
L26,65301
L26,66380
L26,67376
L26,69726
L26,76651
L26,77993
L26,81218
L26,81725
L26,83131
L27,34267
L27,34543
L27,34548
L27,34741
L27,34933
L27,35240
L27,35292
L27,35609
L27,35706
L27,35892
L27,36490
L27,37049
L27,37062
L27,37168
L27,37185
L27,37625
L27,37662
L27,38135
L27,38282
L27,38289
L27,38298
L27,38523
L27,38678
L27,38951
L27,38960
L27,39119
L27,39160
L27,39307
L27,39586
L27,40538
L27,40757
L27,40892
L27,40917
L27,41079
L27,41124
L27,41125
L27,41543
L27,41547
L27,42049
L27,42109
L27,42276
L27,42418
L27,42578
L27,42744
L27,43066
L27,43775
L27,44065
L27,44375
L27,44419
L27,44555
L27,44742
L27,44838
L27,45044
L27,45061
L27,45177
L27,46516
L27,46697
L27,46854
L27,47028
L27,47399
L27,47470
L27,47722
L27,48053
L27,48246
L27,48725
L27,49258
L27,49349
L27,49487
L27,49509
L27,49859
L27,49897
L27,49944
L27,50150
L27,50586
L27,50985
L27,51019
L27,51049
L27,51104
L27,51549
L27,51596
L27,51841
L27,51884
L27,51920
L27,51976
L27,52246
L27,52524
L27,52532
L27,52659
L27,52805
L27,53031
L27,53491
L27,53556
L27,53663
L27,53705
L27,54040
L27,54050
L27,54071
L27,54088
L27,54092
L27,54106
L27,54174
L27,54241
L27,54268
L27,54320
L27,54330
L27,54406
L27,54715
L27,54768
L27,54917
L27,54923
L27,55222
L27,55295
L27,55456
L27,55602
L27,55614
L27,55715
L27,55770
L27,56311
L27,56636
L27,56638
L27,57035
L27,57492
L27,57556
L27,57580
L27,58401
L27,58789
L27,58796
L27,59437
L27,59925
L27,61324
L27,61723
L27,61855
L27,62345
L27,62447
L27,62754
L27,62849
L27,62888
L27,62958
L27,63157
L27,63559
L27,63656
L27,63878
L27,63965
L27,64306
L27,64789
L27,64880
L27,65150
L27,65222
L27,65368
L27,65575
L27,65912
L27,66037
L27,66180
L27,66438
L27,66823
L27,66840
L27,67338
L27,67520
L27,68302
L27,68979
L27,69105
L27,69298
L27,69418
L27,69596
L27,69705
L27,69778
L27,70123
L27,70294
L27,70424
L27,70477
L27,70582
L27,70591
L27,70613
L27,70614
L27,70665
L27,70709
L27,70710
L27,70898
L27,71080
L27,71162
L27,71351
L27,71641
L27,72240
L27,72329
L27,72517
L27,72614
L27,72994
L27,73029
L27,73660
L27,74156
L27,74217
L27,74233
L27,74480
L27,74501
L27,74601
L27,74922
L27,75070
L27,75164
L27,75252
L27,75349
L27,75426
L27,75438
L27,75512
L27,75653
L27,75866
L27,75986
L27,76106
L27,76183
L27,76513
L27,76564
L27,77123
L27,77474
L27,77523
L27,77861
L27,78085
L27,78145
L27,78149
L27,78174
L27,78276
L27,78282
L27,78291
L27,78407
L27,78422
L27,78431
L27,78451
L27,78457
L27,78469
L27,78514
L27,78532
L27,78535
L27,78588
L27,78615
L27,78692
L27,78698
L27,78706
L27,78747
L27,78779
L27,78789
L27,78955
L27,78975
L27,79002
L27,79009
L27,79021
L27,79037
L27,79099
L27,79103
L27,79162
L27,79200
L27,79326
L27,79395
L27,79397
L27,79415
L27,79426
L27,79444
L27,79493
L27,79506
L27,79532
L27,79534
L27,79648
L27,79657
L27,79677
L27,79690
L27,79692
L27,79701
L27,79786
L27,79828
L27,79838
L27,79841
L27,79879
L27,79961
L27,79964
L27,79970
L27,80032
L27,80036
L27,80054
L27,80058
L27,80082
L27,80095
L27,80120
L27,80139
L27,80143
L27,80156
L27,80210
L27,80233
L27,80251
L27,80253
L27,80263
L27,80302
L27,80303
L27,80311
L27,80371
L27,80380
L27,80406
L27,80431
L27,80455
L27,80486
L27,80551
L27,80600
L27,80614
L27,80672
L27,80674
L27,80708
L27,80714
L27,80727
L27,80728
L27,80738
L27,80752
L27,80787
L27,80790
L27,80817
L27,80868
L27,80915
L27,80922
L27,80953
L27,80971
L27,80974
L27,81007
L27,81043
L27,81106
L27,81110
L27,81164
L27,81177
L27,81178
L27,81246
L27,81260
L27,81343
L27,81369
L27,81392
L27,81437
L27,81529
L27,81531
L27,81538
L27,81712
L27,81722
L27,81758
L27,81785
L27,81869
L27,81914
L27,81968
L27,81989
L27,82006
L27,82017
L27,82052
L27,82084
L27,82123
L27,82146
L27,82266
L27,82271
L27,82298
L27,82361
L27,82412
L27,82416
L27,82481
L27,82524
L27,82534
L27,82545
L27,82561
L27,82565
L27,82576
L27,82596
L27,82612
L27,82614
L27,82663
L27,82717
L27,82721
L27,82797
L27,82846
L27,82875
L27,82911
L27,82929
L27,83008
L27,83041
L27,83049
L27,83050
L27,83138
L27,83142
L27,83184
L27,83202
L27,83253
L27,83255
L27,83266
L27,83309
L27,83346
L27,83370
L27,83423
L27,83499
L27,83518
L27,83519
L27,83571
L27,83584
L27,83612
L27,83700
L27,83703
L27,83747
L27,83749
L27,83755
L27,83762
L27,83818
L27,83820
L27,83853
L27,83876
L27,83879
L27,84075
L27,84084
L27,84097
L27,84108
L27,84124
L27,84169
L27,84249
L27,84267
L27,84368
L27,84419
L27,84441
L27,84463
L27,84504
L27,84541
L27,84602
L27,84642
L27,85144
L27,85159
L27,85217
L27,85407
L27,85498
L27,85502
L27,85508
L27,85538
L27,85627
L27,85661
L27,85693
L27,85783
L27,85797
L27,85820
L27,85954
L27,85970
L27,85981
L27,86006
L27,86083
L27,86160
L27,88152
L28,34416
L28,43265
L28,50036
L28,52531
L28,58889
L28,68517
L28,75430
L29,34443
L29,35033
L29,38807
L29,38853
L29,40775
L29,41780
L29,43054
L29,46818
L29,48472
L29,48613
L29,51811
L29,53234
L29,53391
L29,56945
L29,57236
L29,59820
L29,59825
L29,60469
L29,63188
L29,64791
L29,65369
L29,69550
L29,72698
L30,34546
L30,39669
L30,42263
L30,42589
L30,43935
L30,46328
L30,46707
L30,51532
L30,52581
L30,58963
L30,59360
L30,63122
L30,67945
L30,68858
L30,72482
L30,72676
L30,73746
L30,76794
L30,82382
L30,82426
L31,35049
L31,37814
L31,40041
L31,40657
L31,41365
L31,42176
L31,42996
L31,44158
L31,44623
L31,45350
L31,46217
L31,46623
L31,48205
L31,48523
L31,49378
L31,51714
L31,53111
L31,56224
L31,56765
L31,57646
L31,58512
L31,58899
L31,59414
L31,59653
L31,59846
L31,61148
L31,63470
L31,67022
L31,67713
L31,68049
L31,68300
L31,69431
L31,69532
L31,71037
L31,71259
L31,71521
L31,72724
L31,73037
L31,73258
L31,74223
L31,77339
L31,77620
L31,77885
L31,84325
L32,35318
L32,36038
L32,36495
L32,49923
L32,56521
L32,73144
L32,74398
L32,76379
L32,84525
L33,36670
L33,81132
L33,82227
L33,83429
L34,37162
L34,38204
L34,39916
L34,41934
L34,43772
L34,48776
L34,60974
L34,66532
L34,69638
L34,70940
L34,70946
L34,71819
L34,76290
L34,76926
L34,79497
L34,80322
L34,81923
L34,83381
L34,84762
L34,86102
L35,37227
L35,89854
L35,98605
L36,37951
L36,45743
L36,45759
L36,62326
L36,75560
L36,76695
L36,78680
L37,37984
L37,49206
L37,52069
L37,52558
L37,56600
L37,57813
L37,59970
L37,60000
L37,60569
L37,68566
L37,69288
L37,77193
L37,77373
L37,77528
L38,38479
L39,40264
L40,41938
L41,43224
L41,44440
L41,54501
L41,63834
L41,74839
L42,44012
L42,56475
L42,62069
L43,44596
L43,60391
L44,51115
L45,52277
L45,62743
L45,99949
L46,52788
L46,74238
L46,78244
L46,81014
L46,81315
L47,55328
L48,55747
L48,84975
L49,58235
L49,73436
L50,62533
L51,63173
L52,63356
L52,79222
L52,81262
L52,82427
L52,83577
L52,86309
L53,70304
L54,70330
L54,78544
L54,86025
L55,70715
L55,70716
L55,74459
L55,74460
L55,74461
L55,74463
L55,74464
L56,75937
L57,76652
L58,78892
L58,79033
L59,80924
L59,83619
L59,83702
L59,84644
L60,80941
L61,87044
L62,96730